artist,apariciones
"Britney Spears",18
Eminem,18
Rihanna,18
"Kanye West",15
"Black Eyed Peas",14
BeyoncÃ©,12
"Chris Brown",11
"Destiny's Child",10
JAY-Z,10
Nelly,10
Usher,10
P!nk,9
"Jennifer Lopez",9
Nickelback,9
Ludacris,9
"Avril Lavigne",9
"Justin Timberlake",9
"50 Cent",9
"Lady Gaga",9
"Linkin Park",8
Madonna,8
"Missy Elliott",8
"Mariah Carey",8
"Christina Aguilera",8
Akon,8
"The Pussycat Dolls",8
"Katy Perry",8
"Kylie Minogue",7
Sugababes,7
"Sean Paul",7
Coldplay,7
Ciara,7
T.I.,7
Ne-Yo,7
"Enrique Iglesias",6
"Mary J. Blige",6
Ashanti,6
"Alicia Keys",6
"Snoop Dogg",6
"Kelly Clarkson",6
"David Guetta",6
Kesha,6
"Robbie Williams",5
"Craig David",5
"Red Hot Chili Peppers",5
"3 Doors Down",5
"Nelly Furtado",5
Shakira,5
Blue,5
Outkast,5
"No Doubt",5
"Gwen Stefani",5
T-Pain,5
Fergie,5
Timbaland,5
"Lil Wayne",5
"Jason Derulo",5
*NSYNC,4
Aaliyah,4
"Bow Wow",4
Westlife,4
Creed,4
"Daniel Bedingfield",4
"Busta Rhymes",4
"Girls Aloud",4
Chingy,4
"Kelly Rowland",4
Fabolous,4
"Maroon 5",4
"Jay Sean",4
Kelis,4
"Take That",4
"Leona Lewis",4
"James Morrison",4
"Soulja Boy",4
"Sean Kingston",4
Pitbull,4
Drake,4
Anastacia,3
"Dr. Dre",3
"Limp Bizkit",3
"Backstreet Boys",3
"Jagged Edge",3
"Ronan Keating",3
Gabrielle,3
Brandy,3
Dido,3
"Christina Milian",3
Gorillaz,3
D12,3
"Atomic Kitten",3
"Ja Rule",3
Diddy,3
"Fat Joe",3
"LL Cool J",3
Evanescence,3
"Baby Bash",3
"Eric Prydz",3
Twista,3
"Green Day",3
Lloyd,3
"James Blunt",3
"The Game",3
"Pretty Ricky",3
"Kaiser Chiefs",3
"Arctic Monkeys",3
"Amy Winehouse",3
"Fall Out Boy",3
"Keyshia Cole",3
"Lily Allen",3
"The Fray",3
"Gym Class Heroes",3
Plies,3
"Flo Rida",3
"Miley Cyrus",3
"Dizzee Rascal",3
"Trey Songz",3
OneRepublic,3
"Jordin Sparks",3
Adele,3
"Taylor Swift",3
3OH!3,3
"Selena Gomez & The Scene",3
"Bruno Mars",3
"Taio Cruz",3
"Swedish House Mafia",3
B.o.B,3
"Faith Hill",2
Sisqo,2
"Gigi D'Agostino",2
"Melanie C",2
DMX,2
"LeAnn Rimes",2
Avant,2
MÃ½a,2
"Janet Jackson",2
"Ricky Martin",2
"Donell Jones",2
Santana,2
"CÃ©line Dion",2
"Matchbox Twenty",2
Joe,2
112,2
"Jessica Simpson",2
Eve,2
2Pac,2
"S Club 7",2
Mis-Teeq,2
"Musiq Soulchild",2
"Basement Jaxx",2
Ginuwine,2
Scooter,2
"Gareth Gates",2
B2K,2
"Delta Goodrem",2
"Puddle Of Mudd",2
"Lil Jon & The East Side Boyz",2
"Lil' Kim",2
"Will Young",2
"Ying Yang Twins",2
JoJo,2
U2,2
"Franz Ferdinand",2
"Scissor Sisters",2
"Katie Melua",2
Mario,2
"Fort Minor",2
Jeezy,2
D4L,2
"Ray J",2
"Shayne Ward",2
"KT Tunstall",2
"The All-American Rejects",2
"Foo Fighters",2
"Bob Sinclar",2
"Fedde Le Grand",2
Muse,2
Cascada,2
"Rascal Flatts",2
Hinder,2
"Natasha Bedingfield",2
Razorlight,2
"My Chemical Romance",2
"Mark Ronson",2
September,2
"Finger Eleven",2
"Calvin Harris",2
Robyn,2
MIKA,2
"Boys Like Girls",2
"J. Holiday",2
Basshunter,2
"The Ting Tings",2
The-Dream,2
"Alexandra Burke",2
"Kings of Leon",2
Jeremih,2
"Keri Hilson",2
JLS,2
"Cobra Starship",2
"La Roux",2
"Justin Bieber",2
"Far East Movement",2
"DJ Fresh",2
"Edward Maya",2
"Waka Flocka Flame",2
"Tinie Tempah",2
"DJ Khaled",2
Example,2
"The Wanted",2
LMFAO,2
blink-182,1
"Bon Jovi",1
Modjo,1
"Eiffel 65",1
"Bomfunk MC's",1
Sting,1
"Alice Deejay",1
"Tom Jones",1
Sonique,1
M.O.P.,1
Darude,1
"Da Brat",1
Moloko,1
Chicane,1
"Debelah Morgan",1
"Ruff Endz",1
"Montell Jordan",1
"Toni Braxton",1
"Samantha Mumba",1
"Mary Mary",1
Next,1
"Baha Men",1
Oasis,1
"DJ Ã–tzi",1
Sammie,1
Kandi,1
Vengaboys,1
"Madison Avenue",1
"Carl Thomas",1
Mystikal,1
Fuel,1
"Savage Garden",1
"All Saints",1
"Erykah Badu",1
"Marc Anthony",1
"The Corrs",1
Wheatus,1
Shaggy,1
"Jimmy Eat World",1
Train,1
"Geri Halliwell",1
"Blu Cantrell",1
Faithless,1
Lasgo,1
iio,1
"Emma Bunton",1
"Crazy Town",1
"Michael Jackson",1
"Daft Punk",1
Fragma,1
P.O.D.,1
"Roger Sanchez",1
Tamia,1
Jamiroquai,1
Case,1
Five,1
"Rui Da Silva",1
"Alien Ant Farm",1
"Erick Sermon",1
Afroman,1
"The Supermen Lovers",1
Enya,1
Steps,1
"Sunshine Anderson",1
"Lenny Kravitz",1
"DB Boulevard",1
"DJ Pied Piper & The Masters Of Ceremonies",1
"So Solid Crew",1
"Trick Daddy",1
Travis,1
OPM,1
"K-Ci & JoJo",1
Staind,1
3LW,1
Lifehouse,1
"Vanessa Carlton",1
"The Calling",1
"Truth Hurts",1
"Angie Martinez",1
"Las Ketchup",1
"Holly Valance",1
"Marilyn Manson",1
"Chad Kroeger",1
"Disturbing Tha Peace",1
Khia,1
Tweet,1
"Dirty Vegas",1
"Liberty X",1
"Faith Evans",1
"Charli Baltimore",1
N.O.R.E.,1
"Big Brovaz",1
"Sophie Ellis-Bextor",1
A1,1
"Big Tymers",1
"DJ Sammy",1
Camâ€™ron,1
"Elvis Presley",1
"Alanis Morissette",1
"The Goo Goo Dolls",1
"Blazin' Squad",1
Default,1
"Michelle Branch",1
"Counting Crows",1
t.A.T.u.,1
"Benny Benassi",1
"Panjabi MC",1
Jamelia,1
"Three Days Grace",1
"The White Stripes",1
Youngbloodz,1
Trapt,1
"Simply Red",1
Lumidee,1
"Room 5",1
"Fatman Scoop",1
"Pharrell Williams",1
Ultrabeat,1
"Frankie J",1
Floetry,1
"Electric Six",1
"Rachel Stevens",1
Nas,1
Tyrese,1
"Amanda Perez",1
"Junior Senior",1
Audioslave,1
Jaheim,1
Monica,1
"The Roots",1
Switchfoot,1
"Good Charlotte",1
"Wayne Wonder",1
"The Strokes",1
Hoobastank,1
"Daddy Yankee",1
O-Zone,1
"Terror Squad",1
"The Rasmus",1
Houston,1
"Lloyd Banks",1
"Mario Winans",1
"George Michael",1
"Nina Sky",1
"Petey Pablo",1
Juanes,1
"The Shapeshifters",1
"Kevin Lyttle",1
"DJ Casper",1
N.E.R.D,1
J-Kwon,1
G-Unit,1
"Lil' Flip",1
Lemar,1
"Special D.",1
Eamon,1
LMC,1
"The Streets",1
JUVENILE,1
"Gary Jules",1
"Ashlee Simpson",1
"Daniel Powter",1
"Crazy Frog",1
"The Chemical Brothers",1
Bodyrockers,1
"David Banner",1
Trillville,1
"Rob Thomas",1
"Brian McFadden",1
"Bobby V.",1
Amerie,1
"Natalie Imbruglia",1
"Thirty Seconds To Mars",1
"Will Smith",1
"Papa Roach",1
"Ryan Cabrera",1
Stereophonics,1
"Toby Keith",1
"Gnarls Barkley",1
Chamillionaire,1
Cherish,1
Infernal,1
Cassie,1
E-40,1
"Lil Jon",1
"Armand Van Helden",1
"The Notorious B.I.G.",1
"Yung Joc",1
Meck,1
"Dem Franchize Boyz",1
"Nick Lachey",1
Jibbs,1
"Bubba Sparxxx",1
"The Raconteurs",1
"The Fratellis",1
"Panic! At The Disco",1
Keane,1
Orson,1
"Snow Patrol",1
"Sandi Thom",1
"The Kooks",1
"Plain White T's",1
"Ida Corr",1
"Alex Gaudino",1
"Camille Jones",1
"Shop Boyz",1
MiMS,1
Seether,1
Daughtry,1
Unk,1
Klaxons,1
"Baby Boy Da Prince",1
Omarion,1
"All Time Low",1
T2,1
Paramore,1
Huey,1
"Jim Jones",1
"The Red Jumpsuit Apparatus",1
"Carrie Underwood",1
"Just Jack",1
"Bone Thugs-N-Harmony",1
"Rich Boy",1
"Manic Street Preachers",1
"Elliott Yamin",1
"Wyclef Jean",1
"Kardinal Offishall",1
Madcon,1
"Guru Josh Project",1
will.i.am,1
"Colby O'Donis",1
"Alesha Dixon",1
"Gabriella Cilmi",1
"Jack White",1
"The Offspring",1
Estelle,1
"Saving Abel",1
Pendulum,1
"Danity Kane",1
M.I.A.,1
MGMT,1
Wiley,1
"Sam Sparro",1
"Metro Station",1
Duffy,1
"David Archuleta",1
"Gavin DeGraw",1
"Jennifer Hudson",1
"John Legend",1
"Jonas Brothers",1
"Lupe Fiasco",1
Skillet,1
"The Prodigy",1
"Kid Cudi",1
Agnes,1
"Kevin Rudolf",1
"The xx",1
Cheryl,1
"Tinchy Stryder",1
"Pixie Lott",1
"A.R. Rahman",1
"The Veronicas",1
"Empire of the Sun",1
Kasabian,1
"Jamie Foxx",1
"Jason Aldean",1
Shinedown,1
"Asher Roth",1
"Mumford & Sons",1
Stromae,1
INNA,1
"Duck Sauce",1
Lucenzo,1
"Sidney Samson",1
Iyaz,1
"Mike Posner",1
"Yolanda Be Cool",1
"Adam Lambert",1
"Tim Berg",1
"Cali Swag District",1
K'NAAN,1
"Aloe Blacc",1
Shontelle,1
"Plan B",1
"The Saturdays",1
"Ellie Goulding",1
"Two Door Cinema Club",1
"Young Money",1
"Scouting For Girls",1
"Travie McCoy",1
"Owl City",1
"Lady A",1
"Neon Trees",1
"Kris Allen",1
"Matt Cardle",1
"The Band Perry",1
"Alexandra Stan",1
"Lykke Li",1
"Wiz Khalifa",1
"Sak Noel",1
"Olly Murs",1
"Jessie J",1
M83,1
Labrinth,1
"Nicole Scherzinger",1
Mann,1
Miguel,1
"Diddy - Dirty Money",1
"Professor Green",1
"Chase & Status",1
Chip,1
"Rizzle Kicks",1
"Nicki Minaj",1
